{"cameraMode":{"drawMode":0,"name":"Shaded","section":"Shading Mode"},"sceneLighting":true,"audioPlay":false,"sceneViewState":{"m_AlwaysRefresh":false,"showFog":true,"showSkybox":true,"showFlares":true,"showImageEffects":true,"showParticleSystems":true,"showVisualEffectGraphs":true,"m_FxEnabled":true},"in2DMode":false,"pivot":{"x":-15.385815620422364,"y":0.7507667541503906,"z":8.225017547607422},"rotation":{"x":0.0028720060363411905,"y":0.9237418174743652,"z":-0.3829519748687744,"w":0.006928180810064077},"size":0.3339746594429016,"orthographic":false}