{"cameraMode":{"drawMode":0,"name":"Shaded","section":"Shading Mode"},"sceneLighting":true,"audioPlay":false,"sceneViewState":{"m_AlwaysRefresh":false,"showFog":true,"showSkybox":true,"showFlares":true,"showImageEffects":true,"showParticleSystems":true,"showVisualEffectGraphs":true,"m_FxEnabled":true},"in2DMode":false,"pivot":{"x":-16.910324096679689,"y":0.8672163486480713,"z":6.227973937988281},"rotation":{"x":0.010013106279075146,"y":-0.9455066919326782,"z":0.029226111248135568,"w":0.3241724967956543},"size":0.5926049947738648,"orthographic":false}