{"cameraMode":{"drawMode":0,"name":"Shaded","section":"Shading Mode"},"sceneLighting":false,"audioPlay":false,"sceneViewState":{"m_AlwaysRefresh":false,"showFog":true,"showSkybox":false,"showFlares":true,"showImageEffects":true,"showParticleSystems":true,"showVisualEffectGraphs":true,"m_FxEnabled":true},"in2DMode":false,"pivot":{"x":0.046771541237831119,"y":0.045576311647892,"z":-0.013110730797052384},"rotation":{"x":0.02890695445239544,"y":-0.9366908669471741,"z":0.0797184407711029,"w":0.3397752344608307},"size":0.04922683537006378,"orthographic":false}