{"cameraMode":{"drawMode":0,"name":"Shaded","section":"Shading Mode"},"sceneLighting":false,"audioPlay":false,"sceneViewState":{"m_AlwaysRefresh":false,"showFog":true,"showSkybox":false,"showFlares":true,"showImageEffects":true,"showParticleSystems":true,"showVisualEffectGraphs":true,"m_FxEnabled":true},"in2DMode":false,"pivot":{"x":-0.059842467308044437,"y":0.48565900325775149,"z":-0.006419658660888672},"rotation":{"x":0.0413057878613472,"y":0.9352649450302124,"z":-0.11647401005029679,"w":0.3316759765148163},"size":2.3351094722747804,"orthographic":false}